[
  {
    "model": "store.User",
    "pk": 1,
    "fields": {
      "password": "pbkdf2_sha256$1000000$hIPQo63CM9PsKHZgmXIQFN$niUvnFlEuGSNI/M2thcrxOKHXT63HyWGzFF0D/NdJFg=",
      "last_login": "2023-10-01T10:00:00Z",
      "is_superuser": false,
      "username": "user1",
      "first_name": "Иван",
      "last_name": "Петров",
      "email": "user1@mail.ru",
      "is_staff": false,
      "is_active": true,
      "date_joined": "2023-01-01T10:00:00Z",
      "role": "user",
      "phone": "+79161234567",
      "address": "ул. Ленина, д. 10, кв. 5",
      "city": "Москва",
      "postal_code": "101000",
      "country": "Россия"
    }
  },
  {
    "model": "store.User",
    "pk": 2,
    "fields": {
      "password": "pbkdf2_sha256$1000000$hIPQo63CM9PsKHZgmXIQFN$niUvnFlEuGSNI/M2thcrxOKHXT63HyWGzFF0D/NdJFg=",
      "last_login": "2023-10-02T11:00:00Z",
      "is_superuser": false,
      "username": "user2",
      "first_name": "Мария",
      "last_name": "Сидорова",
      "email": "user2@mail.ru",
      "is_staff": false,
      "is_active": true,
      "date_joined": "2023-01-02T10:00:00Z",
      "role": "user",
      "phone": "+79161234568",
      "address": "ул. Пушкина, д. 15, кв. 12",
      "city": "Санкт-Петербург",
      "postal_code": "190000",
      "country": "Россия"
    }
  },
  {
    "model": "store.User",
    "pk": 3,
    "fields": {
      "password": "pbkdf2_sha256$1000000$hIPQo63CM9PsKHZgmXIQFN$niUvnFlEuGSNI/M2thcrxOKHXT63HyWGzFF0D/NdJFg=",
      "last_login": "2023-10-03T12:00:00Z",
      "is_superuser": false,
      "username": "admin1",
      "first_name": "Алексей",
      "last_name": "Иванов",
      "email": "admin1@mail.ru",
      "is_staff": true,
      "is_active": true,
      "date_joined": "2023-01-03T10:00:00Z",
      "role": "admin",
      "phone": "+79161234569",
      "address": "пр. Мира, д. 20, кв. 7",
      "city": "Новосибирск",
      "postal_code": "630000",
      "country": "Россия"
    }
  },
  {
    "model": "store.User",
    "pk": 4,
    "fields": {
      "password": "pbkdf2_sha256$1000000$hIPQo63CM9PsKHZgmXIQFN$niUvnFlEuGSNI/M2thcrxOKHXT63HyWGzFF0D/NdJFg=",
      "last_login": "2023-10-04T13:00:00Z",
      "is_superuser": false,
      "username": "user3",
      "first_name": "Ольга",
      "last_name": "Кузнецова",
      "email": "user3@mail.ru",
      "is_staff": false,
      "is_active": true,
      "date_joined": "2023-01-04T10:00:00Z",
      "role": "user",
      "phone": "+79161234570",
      "address": "ул. Гагарина, д. 5, кв. 3",
      "city": "Екатеринбург",
      "postal_code": "620000",
      "country": "Россия"
    }
  },
  {
    "model": "store.User",
    "pk": 5,
    "fields": {
      "password": "pbkdf2_sha256$1000000$hIPQo63CM9PsKHZgmXIQFN$niUvnFlEuGSNI/M2thcrxOKHXT63HyWGzFF0D/NdJFg=",
      "last_login": "2023-10-05T14:00:00Z",
      "is_superuser": false,
      "username": "user4",
      "first_name": "Дмитрий",
      "last_name": "Смирнов",
      "email": "user4@mail.ru",
      "is_staff": false,
      "is_active": true,
      "date_joined": "2023-01-05T10:00:00Z",
      "role": "user",
      "phone": "+79161234571",
      "address": "ул. Садовая, д. 25, кв. 10",
      "city": "Казань",
      "postal_code": "420000",
      "country": "Россия"
    }
  },
  {
    "model": "store.User",
    "pk": 6,
    "fields": {
      "password": "pbkdf2_sha256$1000000$hIPQo63CM9PsKHZgmXIQFN$niUvnFlEuGSNI/M2thcrxOKHXT63HyWGzFF0D/NdJFg=",
      "last_login": "2023-10-06T15:00:00Z",
      "is_superuser": false,
      "username": "admin2",
      "first_name": "Елена",
      "last_name": "Васильева",
      "email": "admin2@mail.ru",
      "is_staff": true,
      "is_active": true,
      "date_joined": "2023-01-06T10:00:00Z",
      "role": "admin",
      "phone": "+79161234572",
      "address": "пр. Ленина, д. 30, кв. 15",
      "city": "Нижний Новгород",
      "postal_code": "603000",
      "country": "Россия"
    }
  },
  {
    "model": "store.Category",
    "pk": 1,
    "fields": {
      "name": "Виниловые обои",
      "slug": "vinyl-wallpapers",
      "description": "Влагостойкие и прочные виниловые обои для кухни и прихожей"
    }
  },
  {
    "model": "store.Category",
    "pk": 2,
    "fields": {
      "name": "Флизелиновые обои",
      "slug": "non-woven-wallpapers",
      "description": "Дышащие и экологичные флизелиновые обои под покраску"
    }
  },
  {
    "model": "store.Category",
    "pk": 3,
    "fields": {
      "name": "Бумажные обои",
      "slug": "paper-wallpapers",
      "description": "Классические бумажные обои для детских и спален"
    }
  },
  {
    "model": "store.Category",
    "pk": 4,
    "fields": {
      "name": "Фотообои",
      "slug": "photo-wallpapers",
      "description": "Современные фотообои с любыми изображениями"
    }
  },
  {
    "model": "store.Category",
    "pk": 5,
    "fields": {
      "name": "Текстильные обои",
      "slug": "textile-wallpapers",
      "description": "Элитные текстильные обои с натуральными волокнами"
    }
  },
  {
    "model": "store.Category",
    "pk": 6,
    "fields": {
      "name": "Стеклообои",
      "slug": "glass-wallpapers",
      "description": "Прочные и пожаробезопасные стеклообои под покраску"
    }
  },
  {
    "model": "store.Product",
    "pk": 1,
    "fields": {
      "name": "Виниловые обои «Саванна»",
      "description": "Влагостойкие обои с текстурой под натуральные материалы",
      "price": "1899.99",
      "image": "products/savanna.jpg",
      "stock": 25,
      "created_at": "2023-09-01T10:00:00Z",
      "updated_at": "2023-09-01T10:00:00Z",
      "category": 1,
      "is_featured": true
    }
  },
  {
    "model": "store.Product",
    "pk": 2,
    "fields": {
      "name": "Флизелиновые обои «Элеганс»",
      "description": "Качественные обои под покраску с рельефным узором",
      "price": "2199.99",
      "image": "products/elegance.jpg",
      "stock": 18,
      "created_at": "2023-09-02T10:00:00Z",
      "updated_at": "2023-09-02T10:00:00Z",
      "category": 2,
      "is_featured": true
    }
  },
  {
    "model": "store.Product",
    "pk": 3,
    "fields": {
      "name": "Бумажные обои «Детский мир»",
      "description": "Яркие обои с мультяшными персонажами для детской комнаты",
      "price": "899.99",
      "image": "products/kids_world.jpg",
      "stock": 35,
      "created_at": "2023-09-03T10:00:00Z",
      "updated_at": "2023-09-03T10:00:00Z",
      "category": 3,
      "is_featured": false
    }
  },
  {
    "model": "store.Product",
    "pk": 4,
    "fields": {
      "name": "Фотообои «Городской пейзаж»",
      "description": "Панорамные фотообои с видом на современный мегаполис",
      "price": "4599.99",
      "image": "products/cityscape.jpg",
      "stock": 8,
      "created_at": "2023-09-04T10:00:00Z",
      "updated_at": "2023-09-04T10:00:00Z",
      "category": 4,
      "is_featured": true
    }
  },
  {
    "model": "store.Product",
    "pk": 5,
    "fields": {
      "name": "Текстильные обои «Лен»",
      "description": "Элитные обои с натуральными льняными волокнами",
      "price": "3899.99",
      "image": "products/linen.jpg",
      "stock": 12,
      "created_at": "2023-09-05T10:00:00Z",
      "updated_at": "2023-09-05T10:00:00Z",
      "category": 5,
      "is_featured": false
    }
  },
  {
    "model": "store.Product",
    "pk": 6,
    "fields": {
      "name": "Стеклообои «Рогожка»",
      "description": "Прочные стеклообои с классическим узором «рогожка»",
      "price": "2799.99",
      "image": "products/basketweave.jpg",
      "stock": 20,
      "created_at": "2023-09-06T10:00:00Z",
      "updated_at": "2023-09-06T10:00:00Z",
      "category": 6,
      "is_featured": true
    }
  },
  {
    "model": "store.Cart",
    "pk": 1,
    "fields": {
      "user": 1,
      "created_at": "2023-10-01T11:00:00Z"
    }
  },
  {
    "model": "store.Cart",
    "pk": 2,
    "fields": {
      "user": 2,
      "created_at": "2023-10-02T12:00:00Z"
    }
  },
  {
    "model": "store.Cart",
    "pk": 3,
    "fields": {
      "user": 3,
      "created_at": "2023-10-03T13:00:00Z"
    }
  },
  {
    "model": "store.Cart",
    "pk": 4,
    "fields": {
      "user": 4,
      "created_at": "2023-10-04T14:00:00Z"
    }
  },
  {
    "model": "store.Cart",
    "pk": 5,
    "fields": {
      "user": 5,
      "created_at": "2023-10-05T15:00:00Z"
    }
  },
  {
    "model": "store.Cart",
    "pk": 6,
    "fields": {
      "user": 6,
      "created_at": "2023-10-06T16:00:00Z"
    }
  },
  {
    "model": "store.CartItem",
    "pk": 1,
    "fields": {
      "cart": 1,
      "product": 1,
      "quantity": 3
    }
  },
  {
    "model": "store.CartItem",
    "pk": 2,
    "fields": {
      "cart": 1,
      "product": 2,
      "quantity": 2
    }
  },
  {
    "model": "store.CartItem",
    "pk": 3,
    "fields": {
      "cart": 2,
      "product": 3,
      "quantity": 4
    }
  },
  {
    "model": "store.CartItem",
    "pk": 4,
    "fields": {
      "cart": 3,
      "product": 4,
      "quantity": 1
    }
  },
  {
    "model": "store.CartItem",
    "pk": 5,
    "fields": {
      "cart": 4,
      "product": 5,
      "quantity": 2
    }
  },
  {
    "model": "store.CartItem",
    "pk": 6,
    "fields": {
      "cart": 5,
      "product": 6,
      "quantity": 3
    }
  },
  {
    "model": "store.Order",
    "pk": 1,
    "fields": {
      "user": 1,
      "created_at": "2023-10-01T12:00:00Z",
      "updated_at": "2023-10-01T12:00:00Z",
      "status": "new",
      "delivery_method": "delivery",
      "payment_method": "cod",
      "total_price": "9499.95",
      "shipping_address": "ул. Ленина, д. 10, кв. 5",
      "shipping_city": "Москва",
      "shipping_zip_code": "101000",
      "customer_notes": "Позвонить за час до доставки",
      "admin_notes": "",
      "assigned_to": 3,
      "priority": "medium"
    }
  },
  {
    "model": "store.Order",
    "pk": 2,
    "fields": {
      "user": 2,
      "created_at": "2023-10-02T13:00:00Z",
      "updated_at": "2023-10-02T13:00:00Z",
      "status": "processing",
      "delivery_method": "pickup",
      "payment_method": "online",
      "total_price": "3599.96",
      "shipping_address": "ул. Пушкина, д. 15, кв. 12",
      "shipping_city": "Санкт-Петербург",
      "shipping_zip_code": "190000",
      "customer_notes": "Заберу после 18:00",
      "admin_notes": "Оплата подтверждена",
      "assigned_to": 3,
      "priority": "low"
    }
  },
  {
    "model": "store.Order",
    "pk": 3,
    "fields": {
      "user": 3,
      "created_at": "2023-10-03T14:00:00Z",
      "updated_at": "2023-10-03T14:00:00Z",
      "status": "paid",
      "delivery_method": "delivery",
      "payment_method": "online",
      "total_price": "4599.99",
      "shipping_address": "пр. Мира, д. 20, кв. 7",
      "shipping_city": "Новосибирск",
      "shipping_zip_code": "630000",
      "customer_notes": "",
      "admin_notes": "Требуется аккуратная доставка",
      "assigned_to": 6,
      "priority": "medium"
    }
  },
  {
    "model": "store.Order",
    "pk": 4,
    "fields": {
      "user": 4,
      "created_at": "2023-10-04T15:00:00Z",
      "updated_at": "2023-10-04T15:00:00Z",
      "status": "shipped",
      "delivery_method": "delivery",
      "payment_method": "cod",
      "total_price": "7799.98",
      "shipping_address": "ул. Гагарина, д. 5, кв. 3",
      "shipping_city": "Екатеринбург",
      "shipping_zip_code": "620000",
      "customer_notes": "Осторожно, хрупкий материал",
      "admin_notes": "Отправлено курьерской службой",
      "assigned_to": 6,
      "priority": "medium"
    }
  },
  {
    "model": "store.Order",
    "pk": 5,
    "fields": {
      "user": 5,
      "created_at": "2023-10-05T16:00:00Z",
      "updated_at": "2023-10-05T16:00:00Z",
      "status": "completed",
      "delivery_method": "pickup",
      "payment_method": "cod",
      "total_price": "8399.97",
      "shipping_address": "ул. Садовая, д. 25, кв. 10",
      "shipping_city": "Казань",
      "shipping_zip_code": "420000",
      "customer_notes": "",
      "admin_notes": "Заказ завершен успешно",
      "assigned_to": 3,
      "priority": "low"
    }
  },
  {
    "model": "store.Order",
    "pk": 6,
    "fields": {
      "user": 6,
      "created_at": "2023-10-06T17:00:00Z",
      "updated_at": "2023-10-06T17:00:00Z",
      "status": "cancelled",
      "delivery_method": "delivery",
      "payment_method": "online",
      "total_price": "2799.99",
      "shipping_address": "пр. Ленина, д. 30, кв. 15",
      "shipping_city": "Нижний Новгород",
      "shipping_zip_code": "603000",
      "customer_notes": "Передумал с цветом",
      "admin_notes": "Клиент отменил заказ",
      "assigned_to": 6,
      "priority": "low"
    }
  },
  {
    "model": "store.OrderItem",
    "pk": 1,
    "fields": {
      "order": 1,
      "product": 1,
      "quantity": 3,
      "price": "1899.99"
    }
  },
  {
    "model": "store.OrderItem",
    "pk": 2,
    "fields": {
      "order": 1,
      "product": 2,
      "quantity": 2,
      "price": "2199.99"
    }
  },
  {
    "model": "store.OrderItem",
    "pk": 3,
    "fields": {
      "order": 2,
      "product": 3,
      "quantity": 4,
      "price": "899.99"
    }
  },
  {
    "model": "store.OrderItem",
    "pk": 4,
    "fields": {
      "order": 3,
      "product": 4,
      "quantity": 1,
      "price": "4599.99"
    }
  },
  {
    "model": "store.OrderItem",
    "pk": 5,
    "fields": {
      "order": 4,
      "product": 5,
      "quantity": 2,
      "price": "3899.99"
    }
  },
  {
    "model": "store.OrderItem",
    "pk": 6,
    "fields": {
      "order": 6,
      "product": 6,
      "quantity": 1,
      "price": "2799.99"
    }
  }
]